RGU Nodes,1,2,3,4,5,6,7,8,9,10,11,12,13,14,15,16,17,18,19,20,21,22,23,24,25,26,27,28,29,30,31,32,33,34,35,36,37,38,39,40,41,42,43,44,45,46,47,48,49,50
3,0.021717291664190452,0.23221363653160987,0.5259667909001374,0.41153619881169357,0.07326547554360496,0.11596638244374513,0.517689024435274,0.057149395945670256,0.06698116747921345,0.6902426235159701,0.017749979416078587,0.5136193434240994,0.9053306054695971,0.8578706817915467,0.7897653091694923,0.09441063573351993,0.15947695554167174,0.9659937165908846,0.794306960235869,0.01962432159359817,0.3425805178331458,0.7410047319777089,0.6000779203005874,0.3259285544896703,0.4653219422031609,0.1131922240812051,0.23663896408409046,0.26804265821256446,0.5331754266018655,0.9028943576219431,0.803576957102041,0.7237834531642556,0.6973976282548122,0.5146931511146069,0.38021077706548667,0.08114103523132865,0.6035999137063348,0.3148778197889067,0.7690309118567137,0.6221470087600309,0.5104296666857506,0.7984774190344567,0.675075399553745,0.4912184771293868,0.19295114803312252,0.24063585413515098,0.8592061559128383,0.18141752073119444,0.2530408755635679,0.9492248750689427
8,0.30402063857836503,0.9132196433868686,0.8537829000055511,0.8776164969216487,0.34753594148688793,0.13248822654380454,0.9868731835179771,0.13993516932145078,0.43655109146083093,0.9208786738155621,0.2864941968870023,0.7280170590096594,0.9525085696955474,0.3422632235335731,0.6206219242447784,0.5315469640642994,0.7738400239340497,0.6129187658288945,0.8185610572760106,0.7677669089781332,0.6224283970368745,0.6009851859144578,0.21042855509069158,0.3837249955877956,0.6580127949192054,0.9708925041906148,0.7635209899226452,0.8866851036475164,0.12340194079488298,0.43223370437259423,0.15911343990937443,0.37861319069332666,0.15356475175697493,0.020591445924466156,0.8548607876083005,0.5447606165616475,0.9437826406038679,0.3798213508898515,0.37714283993998976,0.0007199320677335752,0.19294436897899414,0.8444466637486263,0.8526848804356937,0.9262425429480388,0.5090398345787526,0.9381316263634895,0.9680606859330083,0.9129636572879466,0.3346751583029851,0.03932820020759409
11,0.5161488397856568,0.400375096073877,0.012861174810866127,0.7718519303781817,0.49679605375203606,0.030622799624009267,0.7142687675432801,0.08372531220908219,0.5461878570621534,0.7126008272541143,0.3429289458410666,0.4781188689427456,0.09130974635053235,0.04655568644170549,0.26822953591185617,0.36649916088654955,0.902307634504204,0.24874374528552,0.8285969155712063,0.5282122159820609,0.28703036878080357,0.030111835005429133,0.11459537330639546,0.5352000545459211,0.8361993654439391,0.17089279643215516,0.17782922010889646,0.019898704543230505,0.5717058378034664,0.629618402109277,0.19847425711442224,0.04359652526382529,0.9423979520361626,0.5910341159861735,0.7784042187719113,0.8917043379150494,0.4498839796846952,0.8100508596928638,0.23609307929192047,0.8958072075439661,0.0918534746122257,0.9194233667194327,0.40144072571853695,0.33204825522812087,0.20359536491260266,0.3748193949845642,0.07603887916111185,0.5777796996017286,0.5856745578408447,0.7034905240972603
15,0.10179991040172265,0.15021122525854713,0.9236276254997712,0.014756264604072866,0.24619358751359166,0.26548418481994507,0.8949020186480379,0.2640486179845606,0.659615081603995,0.5669981444687036,0.4868326833583769,0.1425517362562717,0.4865949359553311,0.2592736051553731,0.4751581281770323,0.4358462762050137,0.39502383324331114,0.405145300928491,0.15545411255788877,0.4287545200131061,0.6761717472492763,0.29256669738803787,0.36592991256699603,0.021823209390440357,0.4733283270433095,0.1990983367299295,0.9863816802099435,0.24449951687006244,0.5482973002218937,0.6190948615758369,0.13848722749658415,0.04231151999386695,0.9704902907657389,0.13196615715997995,0.7266335513320927,0.7087905866678909,0.8216471737127686,0.1931649795402176,0.9389866950162403,0.7584473831289197,0.17840308479010503,0.4614572889331726,0.808277781719883,0.22721690010970907,0.38613155840010416,0.9149744653945355,0.357958959777957,0.4322420303017456,0.4304587640795974,0.6342160544027692
21,0.5082124716220263,0.10843037483243634,0.6935918293007765,0.33778374889261475,0.671754504968022,0.08613995330471835,0.31642991793456143,0.9982816412388675,0.743492875723448,0.8364478685790062,0.7250846581197419,0.9144527511214711,0.29040104797947597,0.38542104513825903,0.5910596612959106,0.48195091478024854,0.3329404979737377,0.32364602564797695,0.6143200495826343,0.5973641248138472,0.7247459812965651,0.2775820460374647,0.48791774239989627,0.7203961440533814,0.5407713925914714,0.8267563391472763,0.9932836211547155,0.8960317262674565,0.32733445459874044,0.9976425093649164,0.2517881529807028,0.02255256776147163,0.7598688411841006,0.02206746549415506,0.019424390481812326,0.23930452904179234,0.7949153286262524,0.08593982300584313,0.3616474525773493,0.6689669250281335,0.5363072650005664,0.8971342755811147,0.35274597399786967,0.616334655162069,0.1593498756333701,0.9708695351983099,0.3444478566531177,0.9310105267716309,0.514138487115956,0.37436953432180053
23,0.681489425698126,0.28828637967460446,0.09178424774161287,0.6510113193499216,0.8824939881604029,0.6692021591489536,0.0215519534151003,0.666592841013706,0.3018856757983267,0.1077460334175514,0.7939739387642059,0.28192162002219034,0.8382439038364954,0.4368717725423018,0.8023225013388218,0.31655598831387555,0.7285549303491433,0.40558745517015204,0.1142859504787812,0.8213045540476703,0.06462141222469542,0.5543300226221758,0.8850920986792465,0.3179701223734207,0.9922287422725591,0.27293007664024893,0.7443377122964158,0.7492209950506299,0.39048519664405656,0.3934841817055891,0.7057623039863167,0.5406508194149003,0.8368008353456569,0.45839477542720897,0.8704239531741105,0.28658675564918656,0.06006563833234213,0.6494770514587221,0.18843270275949708,0.32957405072407453,0.8604386834315682,0.2660878172176293,0.656682898903349,0.33048021320250087,0.2625897581779205,0.49369342436126207,0.330729349816811,0.22006599011386863,0.22374895319342414,0.6589198071226012
33,0.42049291994261595,0.32648391726834847,0.4419502289675852,0.3449593971135848,0.822451325635166,0.010106233537709342,0.5745150731142082,0.17768983468156607,0.5045141086615904,0.15014106518060555,0.7809619592437913,0.9968778491089441,0.988354416014666,0.4560788903393921,0.2802913565761873,0.24847379184323803,0.8297582602146302,0.702313962856673,0.07869934886133834,0.09949519072648338,0.49925098982285154,0.026895534334349658,0.6635251538867377,0.5845165066291245,0.9307536390136537,0.37942762180228196,0.44548974747360515,0.2127100173787697,0.13822840158102434,0.10782333659106924,0.020020532700139593,0.5034751814167933,0.5911163337025238,0.48070199221513266,0.5632888059188041,0.7383048594901473,0.7423824297265962,0.28702317673947475,0.6574161424536608,0.7144764613073936,0.3115461069747524,0.14107531860991873,0.6405458635589921,0.7613475416281543,0.04274922048519547,0.3272175434653759,0.1322603748327532,0.10413519025484685,0.5565305271176325,0.7802309632580288
34,0.5037832230430193,0.2544884157190228,0.6356448198058429,0.06716671659466567,0.09092259389296464,0.12969681285369117,0.9074693044662908,0.8263501694976363,0.15690260176445658,0.6931057152468781,0.8538073124765581,0.2891355177278001,0.7777925010780006,0.045413513437383535,0.05794951138615756,0.26927844795935263,0.5418284109798777,0.6452821153745286,0.3523244000309014,0.0643341923648112,0.3293094207417573,0.8174406871257803,0.22157663227948654,0.5971716383922362,0.25059705240498475,0.4802259345637032,0.9595677043882878,0.2555916459916354,0.10781028219071798,0.012154182412043357,0.5917054839414057,0.011165722546609524,0.4168492770788501,0.4900413201813053,0.9948163928536351,0.6686236836034735,0.2859730881860778,0.4795512623247381,0.49385773384071063,0.916033886684225,0.6589513675584693,0.9829724422692728,0.9840422147652281,0.9144005564905734,0.38769528625179595,0.9208969501141974,0.44839248311451674,0.26119783586429957,0.36614041988908075,0.7085556302750415
38,0.2563711665356754,0.28918969588591026,0.7335356272787695,0.14464395005383512,0.05587130164458154,0.39120729311518176,0.06814053488339111,0.05585591219769093,0.8794714285767035,0.5827134731423406,0.14934400840216266,0.055623163539839315,0.5482694724446215,0.7098228902941144,0.7346721601622569,0.20181416758730164,0.9318879821764797,0.3838371259457597,0.7109314664293104,0.36963627614651495,0.6076628929087448,0.052239854893404214,0.3592645455579071,0.03660437824753282,0.12590932133286337,0.9102829559383411,0.18091713611389204,0.34705613940377456,0.8964440360951462,0.4025687215152094,0.5025206905211052,0.4626186041929361,0.1300934875160774,0.20485839459555932,0.4788677103264073,0.33595177416707733,0.9795127695017046,0.44520509125366337,0.1407806076019612,0.07475006237499182,0.7896717609930229,0.21272578418080523,0.7941476097081449,0.909562366355614,0.9382129773707895,0.860995825596183,0.9897580122318317,0.7976245987481422,0.47569405484745375,0.02899344326022768
41,0.8449873087371701,0.6821306603095594,0.7348440541596752,0.8532543218452439,0.06656914011774395,0.5277792399122326,0.48987237973461395,0.33229416674111545,0.6129791265707885,0.767434534527483,0.6042502070464284,0.1529789449809813,0.802960917211799,0.1782909850534513,0.31624787610966854,0.4902407414566995,0.7458659984563162,0.955473795416308,0.219187428469784,0.5801092521899921,0.12399598138038392,0.8897397415511966,0.14723568377330587,0.020877155479068654,0.5085102674436213,0.5479495120863773,0.4303152058883951,0.3494392765948626,0.8203914278789431,0.2426000724917533,0.6247369640852781,0.6420362066942931,0.9425706240502949,0.05608475704372573,0.330324413015461,0.6414144556735497,0.03142162092242551,0.6160718149217038,0.7195626311646165,0.9481012379606487,0.8529705552748649,0.3842716016664235,0.8588843484735328,0.7045282648912738,0.17745046669576248,0.7788185402288914,0.3430983940905161,0.5224576282615363,0.49435847114194253,0.4725842648926738
43,0.27817048236927977,0.1117528056651318,0.19069878400949947,0.1816135202346687,0.43711960387614623,0.4465630530323058,0.5463304830137802,0.7345565933491333,0.2522796428334544,0.9974788198727613,0.5896100348696579,0.6870622504579019,0.8617897388501616,0.9222051169929575,0.5290611275644953,0.39434612333068475,0.32963000144377386,0.8357186354967137,0.1731995421527579,0.12476126861860615,0.7569067076057513,0.6835070972224823,0.16141389627818392,0.5171010725152406,0.3616932608659177,0.7155130782284658,0.7825669437144434,0.955409544843962,0.044296808044629654,0.49774659247920294,0.16941766416738469,0.613832424655939,0.5256201388583766,0.12503079268034478,0.010629967989880362,0.6013171594840783,0.3979544525677545,0.7456345415824219,0.5107023588105106,0.8707564057129087,0.8209464888875063,0.6110512573601539,0.995011564260784,0.6168789246010177,0.7383549461933444,0.33982318052775595,0.1684741912448089,0.09823450529679767,0.052052036657884715,0.11116551084538995
44,0.15070086696962726,0.10288663354875494,0.96294303931519,0.8478586894329422,0.2716390336304739,0.3155740169391221,0.2823414334155756,0.995787903365926,0.868995175626016,0.051768272635607904,0.16697807116359797,0.016686009200972185,0.3736997314282504,0.055946695451365214,0.34792997007585513,0.8372383102705233,0.5311145836890587,0.011055488998161667,0.8420420215495676,0.7478540596303138,0.38812628197661525,0.22936805924321602,0.7402342835359076,0.7982625302627955,0.81353511493886,0.7687231334289365,0.9020249345189482,0.9121455526746156,0.7525606073456022,0.4548834717951806,0.4851696350140493,0.2597473672029923,0.2784289859856668,0.30234661125443174,0.060968750398770144,0.16366465825700383,0.5708360864253056,0.6128676788319793,0.1330269308739903,0.05514624638108534,0.7372808557599366,0.16961380687365535,0.5259208744377808,0.5752384115344815,0.09638134608579396,0.4119487942074229,0.6106288980360194,0.011981768883391974,0.07280516598725995,0.9725593564186598
48,0.8856938056393948,0.8667376896766972,0.7361201471539845,0.5677284582571565,0.7394040465057288,0.8221834950387167,0.5742710672525358,0.23700758311113812,0.6924588431064258,0.08847536258879318,0.40968367878166134,0.5914085527826569,0.4690646631484646,0.06612769638581273,0.9664731430682668,0.9683487103501397,0.19680936984294561,0.4436733364550314,0.4040973527776722,0.44670591855741926,0.6003792088375245,0.4841392627685167,0.2629668851667557,0.05873493544665842,0.5365376424190136,0.20965704595815116,0.684715751725463,0.8331339155690924,0.8491790896947136,0.9767831664527091,0.9141252069816336,0.6991569573612171,0.7823199101562773,0.32979691900672614,0.6120280199681599,0.8510875736954693,0.17219058004884324,0.9429357168880136,0.5560241160912814,0.20099583978556956,0.9230004340103249,0.09805506475252312,0.5676632320337219,0.8449596489283981,0.5941151484861518,0.9954683919661027,0.6396161197551623,0.13296128331124146,0.6667015128266782,0.34421011990112593
49,0.04745621356028329,0.21191363414936526,0.4120482209038626,0.7759127888646193,0.7913086308419308,0.7041065317999563,0.6440734718867204,0.30027715064408367,0.8577242815101458,0.745623600402709,0.6849343537128618,0.25821620628743935,0.07158089096684639,0.6392333884807524,0.11342415895555913,0.8321195663289499,0.4278995089827824,0.8601254799152157,0.862462729243289,0.9690415278966957,0.9582672065092313,0.7019444043060283,0.11284198408280921,0.5032447604176193,0.07566422011404172,0.36610113646671427,0.569123819285634,0.8390382338322009,0.752660701743934,0.8964927353138072,0.5426986117761926,0.2545673239396904,0.12452613141107094,0.9755233094821525,0.09109201684313173,0.37078311019200527,0.8293713402404773,0.32304033762799533,0.5727830873463674,0.9667199057521911,0.14675227795744872,0.3174844062354937,0.18364137522514634,0.6431224968634159,0.204099447397192,0.07284773891460716,0.4390049284226225,0.6343289828424796,0.8404755031899177,0.425664046623343
52,0.46036612010140676,0.05778416104855255,0.485982852420513,0.527917615379724,0.017880418454550573,0.7903354256588144,0.27493848019950407,0.9317731953135879,0.422975812684135,0.23626545987380154,0.6206744773017263,0.5368590605133954,0.3810391879429881,0.1296356080661597,0.9123077494721133,0.20675319785625468,0.4751736519766875,0.2658427617393888,0.4914341592654461,0.6529696923214889,0.5385484137036024,0.4961035279828162,0.17266397875912265,0.04813812361607073,0.9233896406723782,0.32507362127451733,0.8132433289524998,0.6725764520173522,0.8866419985201858,0.003928996764545056,0.9522194103454906,0.9735479373273281,0.17070778996566338,0.3655901313218365,0.3174552525524754,0.9206201276771557,0.7449223505452313,0.16785245403390092,0.20756630703594037,0.6923078163929114,0.043210518032930745,0.8027932760685433,0.30705508875049947,0.5600074293944656,0.9382197256761969,0.21632740088110125,0.8299906451505635,0.9498102265259676,0.03279800593822013,0.07137592351193311
53,0.8326026108119202,0.2165680223632046,0.7156276666906366,0.2641170572775411,0.05108779625629867,0.46940186222045355,0.12781026505830473,0.7738041994968291,0.07834317052041517,0.026001308781378407,0.2785074958351865,0.06219984860423999,0.9474587421869665,0.06627929568691238,0.4713969929856088,0.9366440889540562,0.7355755088514229,0.2174514343900158,0.995314078441208,0.10584733569293259,0.9931662157277853,0.4006352939292268,0.7048177101563433,0.8670233826843801,0.2879942999513101,0.9425545673841859,0.9393644059578041,0.08867187980525626,0.0801160506282822,0.20165566543236402,0.23970597126507942,0.3343924460523702,0.1253646410514183,0.2945623697626758,0.7518574615810105,0.1660798798358667,0.6462230672496909,0.955817016722401,0.44069089639261594,0.5280051387006288,0.672222618773613,0.5958083995349197,0.11009280077841233,0.5327530192216586,0.2714365578142012,0.2822261477618777,0.48648891120873994,0.2913559443999483,0.6764877525756399,0.4853711017913718
54,0.7535086541414515,0.8629720886076522,0.6593206765230197,0.2127991978739877,0.8203355204099295,0.09774772181698943,0.715334930521973,0.61691222476991,0.45119769232541274,0.46850976931158195,0.40685738044951414,0.9871539474024341,0.6456033648427494,0.9941232003750023,0.8479181098727983,0.9233959971253661,0.20319639946673795,0.06535563255964183,0.849466306444043,0.7005994601805354,0.37661463675241014,0.5191375254457854,0.8974282831268544,0.37423999575894207,0.03039705924722169,0.06446536186017038,0.647755640002695,0.638436945200603,0.09043232553917369,0.7698820157120347,0.9387605266924883,0.4493635881002426,0.9353826557635224,0.674638794004282,0.24841208409432458,0.7416419157209566,0.9466720940815672,0.5821936744563456,0.6853421605838682,0.42187712845429215,0.5847351456690313,0.5190963079245059,0.41105904224048595,0.1727331883467228,0.44669949444966184,0.5654656241860628,0.6591135153788126,0.8316052521667144,0.23897599878584774,0.3954081333229983
59,0.7918115150111315,0.8099131540938376,0.2644023710984179,0.035646969775283144,0.7753914133497635,0.890845560931044,0.2758184346094864,0.05962166824070858,0.8326748981168851,0.9311364414400933,0.14179568401758658,0.6874061301962426,0.7466458722765572,0.13054466516292917,0.6530533625913888,0.06193310297549326,0.44659997630288195,0.9199673358037403,0.4944039281264301,0.523788019015607,0.662365764294662,0.5613552710202618,0.19034602042977444,0.7773890160045481,0.022147024725184927,0.2066260504131031,0.633377294728148,0.35484771810562055,0.49293067544642644,0.3711180486155925,0.7326837565948096,0.22262931094652738,0.0655146545793599,0.6982980065180913,0.5684670565775838,0.13727686924194937,0.5106711568990013,0.38113359895185484,0.700573042832916,0.36455428129173884,0.2552087299872394,0.009971717475618425,0.7132567605651159,0.6315850571267533,0.7546324004870907,0.2676837570522903,0.8427850116798999,0.5384130479730452,0.17087200085049736,0.6040125061411823
64,0.8820752743172413,0.44107329079833024,0.025340047101747865,0.2421614582748577,0.9645174033402468,0.24557296510175697,0.6063670310134259,0.9303790756244483,0.1064140212913316,0.5754819280448598,0.8736659266150267,0.7387284099690391,0.6376796635138262,0.3689527929667197,0.5781258637816974,0.9800699306231826,0.09592830425274246,0.2498636623375392,0.9671943439404276,0.3014212489449547,0.6802651757626205,0.09336984508302615,0.7475073415866268,0.02409528732499444,0.6486031690052892,0.40229986052048683,0.9752947167396455,0.5837675920776064,0.11284427470867375,0.6404320204789059,0.07886983914707302,0.6136453667483136,0.6924286790303419,0.09046275619017685,0.19470120382687806,0.8885803177150303,0.4524601698305184,0.11079949755081175,0.8473581575777597,0.9289779379646781,0.5185742607546183,0.8569473738533705,0.45332872557220993,0.3389225203011602,0.7527631125260625,0.5994439764259455,0.09354219164822941,0.5280179533515602,0.1407150126285096,0.7611722646661728
74,0.2876075608452685,0.20939446034294862,0.7149598408781571,0.750600854059066,0.07849517431395636,0.469012540021002,0.036312746571243504,0.9396684107928598,0.08587202591137466,0.5806781875258399,0.08891693064154882,0.5225863270273892,0.3767008348718266,0.45356709406978124,0.7945762303279724,0.7419377520981777,0.8188110875689726,0.8621422099086056,0.5503616557056022,0.755870760670979,0.052386820912171284,0.38307825969912035,0.043539891654570395,0.10606953092703142,0.29988693073176387,0.3012504164799922,0.3211264809306883,0.037344965839561706,0.2934152820065663,0.48686944471781735,0.6071242606535839,0.24496817336313503,0.00890755325004755,0.8098448568676541,0.8383320027134686,0.4716993668998164,0.6391302393817266,0.02340745891683782,0.8723898845283861,0.8146900227924178,0.5864722819729713,0.5904088894511774,0.27558504716403687,0.7331748361645515,0.6284504492021992,0.670619056795844,0.33550613807899365,0.8771143486948912,0.3251909405373833,0.7657024095751837
79,0.2268134640111651,0.17762581249974485,0.36692036890696356,0.14286921353793358,0.38403727302909907,0.546918576669657,0.28331085007937973,0.8642198686980961,0.32759055422106365,0.5586727418350764,0.21924504046766669,0.5811225948502882,0.5646074087275487,0.2424259830263903,0.6394076947714451,0.9760784303201108,0.24097329222258523,0.6516394845122366,0.7960188336525555,0.9023714006123791,0.1033881690407985,0.8486407449109379,0.4315182052870843,0.551067782652865,0.00895961716975735,0.5412126265256231,0.20266899862411725,0.046405885490735876,0.8368528961345448,0.13464826852188594,0.5141269481631532,0.21231859278906928,0.049112751083025485,0.47642392815615653,0.16281630024469973,0.7551081023128762,0.4945847215597756,0.5927301264922614,0.1388263721834858,0.5492509436793662,0.466272315384209,0.5402001058755781,0.742400664402624,0.7735996310359755,0.46840121395605216,0.13841158892085448,0.3654728944197342,0.07779227757170792,0.14381530930246933,0.04424033015536866
86,0.014041455586699891,0.06182545089759972,0.5461265434742588,0.016720294281425185,0.5090372091011456,0.25396511358442864,0.6938331723830341,0.0034536848690152055,0.5734623329784448,0.22254206800251974,0.1752440328442879,0.08765019186922685,0.975398188138288,0.5803889394294172,0.35265521375267583,0.40281075996045457,0.9130128125571346,0.39573202459648305,0.4583537824819093,0.5822286932973378,0.5062073273399945,0.6158597052662156,0.21173603012576792,0.6802938206139594,0.12321756422410457,0.8810815412791094,0.10571011571074562,0.5765475050500779,0.13793966448612915,0.19341632207640458,0.3900528323240813,0.9699691061572786,0.39774453282460864,0.22476489541944444,0.5154211366916617,0.19716899773833174,0.01665636480908772,0.6599337728361732,0.9952190947259822,0.4787700151796148,0.1768223514466194,0.019608467327123846,0.32708723469277234,0.11865505288228528,0.7539959021679135,0.3858210845043537,0.19681204398938468,0.7563551345210976,0.08658334905429232,0.8120530955214045
94,0.7031719637748136,0.5361209910229939,0.19270428389352245,0.10472099505773125,0.900869153260128,0.6421144034226419,0.10880542393715853,0.6468118528888487,0.46496742376083,0.6972042374451735,0.9124443029113035,0.36951048591061786,0.4008533700727206,0.7351223103538016,0.37128619551037534,0.5705280579863377,0.04196268633185529,0.7727275348352252,0.9464624425054482,0.4173976703156774,0.9410973232347509,0.7733477876901642,0.5279804179408866,0.9371561756041253,0.26441994291229454,0.9047281510522672,0.5961079710849116,0.6385980217489821,0.731576383343048,0.8106528036369838,0.4372559359116517,0.25716458397928166,0.0435663232856035,0.12916942836638046,0.37796613178136473,0.6919016534900198,0.6456277545475603,0.4874691895336183,0.3369539813515172,0.08557870651676225,0.7720827681784423,0.12295082144789238,0.9563378948006044,0.898578236264304,0.5819239334905323,0.9757392749466826,0.13747814657247404,0.31350728440983666,0.15689030947813565,0.8958640444040716
99,0.1995445101905714,0.20914933386203238,0.5566163691120327,0.2661133743316605,0.849403647531704,0.18221163967999687,0.37614501430647584,0.5251850121691771,0.053264977706814376,0.46767494005674015,0.7545961712613369,0.8609693855285048,0.34792922436276263,0.31701180995105893,0.1525786795393025,0.09245230446037012,0.2968626806209532,0.06092723930688837,0.8281479298788466,0.6608070623238358,0.5006511183691851,0.5300766844589916,0.2803923368660568,0.41536301955519406,0.21275957551192837,0.8516873103281787,0.5160320306327506,0.8918893019382492,0.5725655177334633,0.5834741584232197,0.46774798670287976,0.015180764346602427,0.14654690239306045,0.8424845973784062,0.7820111050341192,0.5680034158667726,0.9483825385525215,0.2378414426977189,0.362090328306795,0.18979163260589416,0.4551520478378651,0.7295722830171266,0.6634798413131271,0.6626515393778799,0.3379537346111693,0.6346028861462075,0.9696492672359925,0.16167983753443393,0.4220736377419356,0.3691933577514225
102,0.3852232099605063,0.6065660177087048,0.5731919656334575,0.4239339874270337,0.8986535370450214,0.801829482728715,0.6684209399174657,0.40011148895620674,0.6089793174618876,0.45278909421172797,0.5461283830539772,0.5620839986358768,0.7154293677138607,0.5079412336373401,0.22345141524042822,0.7826525887145179,0.22088074984713157,0.7141938762133981,0.0052952039290941055,0.5486581098995947,0.6847373958700146,0.974883404668961,0.2034172447503284,0.3154898888241615,0.6506689102457849,0.3824987592677871,0.9250012428352333,0.10892529950624674,0.7058748449990133,0.8408734560659518,0.4855814789484276,0.784363856443968,0.40573025501281135,0.05920755714557269,0.31816998807930985,0.5289894189113539,0.7235970291406876,0.7259348134157206,0.22461327137993226,0.13011166541827646,0.130411739673585,0.21812709269962938,0.5099950879041624,0.6618196929417898,0.21408215403213704,0.5519996704457234,0.25880112943467715,0.5811597301571425,0.5513669386293097,0.952839135956569
113,0.6438325283248387,0.9616264985793784,0.5107679733215629,0.714056291183618,0.1287272599667597,0.5039209449691796,0.593657329676578,0.06009926956219325,0.4206138055712345,0.17275844471012347,0.5923018272098093,0.7518135606376085,0.41976831216016597,0.17270531519760357,0.2184303329346754,0.013231614322839813,0.21554964692484824,0.9080601986054608,0.39762620658671266,0.9366111103002147,0.6986668726141451,0.6225842297647198,0.11037206836697278,0.7764493179333252,0.8779787238531904,0.07264153396399453,0.2946529618848609,0.3660666234626161,0.29213554684203735,0.7935917152266522,0.7978125569466328,0.5145127548652536,0.4028942363848984,0.841366423004538,0.5479586451512515,0.3922306435421111,0.9183656586326675,0.9255741673642182,0.26140488285339214,0.3369480995650952,0.25061546702305804,0.3616711007282488,0.14284483766746414,0.9156836440244344,0.35092913379520274,0.22423728630750117,0.8146176813704383,0.6933726905606796,0.023929850901334815,0.3231011791116706
114,0.46992258504385065,0.2578270595581714,0.525063477708319,0.4773121383294009,0.5031780755292754,0.8684655623529325,0.8311531957368351,0.945673867496392,0.12213790411771486,0.791443390213642,0.11078539674481813,0.03692280615397414,0.21053898683537564,0.134782202026268,0.9868801237584971,0.10135473410547013,0.9736503845627187,0.0636225921365342,0.48334333532342166,0.4026998269143285,0.9941665863521109,0.7443005613722319,0.917734413904599,0.34513980929328913,0.23229256132476206,0.49916599680802254,0.14451201341912712,0.10907954116568919,0.31933424184679493,0.20051859823466878,0.1218967477427747,0.792346829939235,0.9621812851244959,0.13587028533398793,0.23923327809018735,0.7838363911825316,0.22252951171232704,0.18277648426400595,0.9854870424652338,0.8083601832558421,0.012202337053963674,0.7299474609101873,0.05721874770257207,0.7333455325361741,0.5818278347185025,0.9556586660979237,0.6614256624356544,0.09705909964769777,0.5448944552794528,0.30042234794118594
116,0.009414103095066406,0.4661440697609147,0.9929259542531683,0.6488258469982168,0.509793544651314,0.6379499465344572,0.1799223345702583,0.419439509588599,0.35181988047077306,0.5239770882844149,0.27887117840724485,0.6656358506683632,0.4183229744020992,0.2676293197304349,0.5564381166039042,0.44318575398484006,0.3824097532081927,0.48408765336621173,0.6218190540693486,0.9431832941630963,0.7893562460950978,0.45812195744115214,0.7186494864904911,0.17581115456034102,0.48438993696289423,0.533121992281411,0.8592590852103759,0.799015951267262,0.6216347853574741,0.5538648746796601,0.24854017599207445,0.006971832022633517,0.6348870117900113,0.43978135000010554,0.8303822580279968,0.6904162524666422,0.05637586459103938,0.808472643469482,0.6000916549685698,0.9579987503748345,0.23163744755156113,0.1394683264077744,0.9329412723625542,0.36703045916424815,0.30069917478102737,0.68297590225116,0.4337507021138466,0.40473314887247824,0.1784758332566051,0.5487132694166967
117,0.9874567760777181,0.9902449970593624,0.070049553641641,0.08942112238636979,0.7314700174254217,0.7957834833856618,0.014160290242209772,0.004173250312996202,0.9408362892733961,0.6030363776359848,0.8281783580678886,0.9385112990077604,0.8275243965178222,0.7551271733903987,0.2866466721387829,0.6131244066925415,0.7172761882920985,0.6959610276204607,0.5872487534519961,0.7631291041871212,0.7078097826078157,0.10075445505815595,0.42185225320206443,0.006240423199324607,0.7332742308928784,0.8883456547743329,0.6316961366279384,0.6584871670453524,0.8517728633140438,0.837565668606151,0.06436777399562488,0.9641407736190549,0.8096746089952173,0.6655895137547826,0.9136606442685236,0.4764792041555794,0.35590052430220154,0.9893763767359953,0.9819584322544416,0.56769889773695,0.87495837495415,0.005655458247550538,0.5367336135525429,0.7658145986543801,0.11213710579609104,0.2718637138289077,0.0958681355713803,0.03928596663768702,0.6753761661408069,0.5880975368194874
121,0.7567483842766428,0.7238588392891011,0.23650237149120257,0.1495824714530466,0.22336807146116266,0.7957430588600418,0.7936287196347795,0.2971268286458818,0.8122727633208234,0.6374365379741194,0.5565740837830682,0.7374636350982082,0.5869619945176898,0.5440612289286573,0.41748745402193477,0.11194194871192076,0.8579860465332155,0.8020224032219635,0.26923548644120876,0.5332412584140557,0.8248057908208017,0.9679986842022352,0.28852634938617205,0.33775851160066384,0.9382224195248308,0.3899056301117293,0.864390997825607,0.7254218143849248,0.21565546647538514,0.7267970614824045,0.1890063462239724,0.5253390949978032,0.4209717819189245,0.4047621650520512,0.4362561279854954,0.2665046315020384,0.5404759381428441,0.5174770095890776,0.12153893918741421,0.33056021261852986,0.5975131126564427,0.0573260403974446,0.41011401265533576,0.11253976817197786,0.20488028807169556,0.15701754907806176,0.5422580368871421,0.38015911101562816,0.2225492047548987,0.19917668721268433
125,0.35013682533223456,0.03994086873366032,0.11112819065545665,0.9106925268314761,0.32029375172555696,0.7163980176011393,0.777838869607926,0.3797239510689059,0.23385513290721516,0.1835537180996133,0.9321020143426045,0.1983269751522747,0.3251001989360597,0.3443429463891228,0.5194007424018524,0.36543520822153797,0.048507738087948504,0.9404750652272066,0.19510515723608512,0.43049728505292306,0.20564822559837603,0.011496666843256342,0.3573692083860569,0.23509319888459357,0.02628467291823222,0.6214283845809065,0.31245712368364,0.7839359673848506,0.2139189985202785,0.6158074152309818,0.8577666349308835,0.6614655579879475,0.9984224954622168,0.3864458072516924,0.5329727784829061,0.9796610294753366,0.7588200780744742,0.9290672957659429,0.351896628203482,0.5992560137895411,0.5540795373795432,0.3203178070826177,0.5638572869167021,0.9193778601027993,0.20887469058502772,0.2078842372834444,0.07055005101758804,0.5618653196118671,0.4090059265043461,0.6861132139175312
127,0.4963924725075526,0.6816474469411996,0.22568305693235813,0.35678805395139945,0.6252659935558039,0.3197502757730699,0.31139601658450056,0.19622007603016867,0.8245168075881081,0.3267918059080175,0.9592256798857839,0.4513772612557587,0.764658768743716,0.652258884040544,0.7529225596969622,0.5450339104514988,0.6163622189930216,0.6589506184841417,0.8211417977534982,0.911176662795637,0.9293648775588076,0.44194338568348923,0.24591672200277348,0.5778511599453875,0.04658057451199904,0.1166704135620018,0.45160977093751375,0.29261262079038,0.980543601485401,0.33648201062309346,0.9188942744443415,0.5375666551502746,0.7498511689749686,0.9788682543856618,0.8299441141265236,0.04941479635656265,0.401739057921908,0.2581431597768694,0.26446537738360143,0.6660037106915276,0.803011986165688,0.329754982491109,0.17857224769812852,0.27037580866131483,0.4518065507573671,0.07706168285611081,0.20601528600958618,0.42808677767837033,0.4765294127578168,0.8411903161006888
131,0.6524255359338812,0.20157504248232871,0.20817287029737985,0.6012059788542051,0.8942972931094586,0.2663004440141393,0.23546923398587372,0.34177260053939995,0.26438840393765994,0.5462491204750446,0.21703472655315825,0.13971571371262648,0.3318971241128309,0.7468952125739299,0.38296390311896567,0.4999106006256502,0.027132796664567693,0.6713295978754603,0.9439676979598145,0.19334728639836307,0.7381841669698519,0.14726442076174084,0.774078512491735,0.26094564195142833,0.35857546980256993,0.059963923560822696,0.06890204712676862,0.057197247690088715,0.6847520983843364,0.9234295208064782,0.6891414527694807,0.22506104004475636,0.402607967152093,0.6406746697894828,0.5501557715362345,0.9269591765426765,0.3408835740680519,0.6120272736664409,0.1842328354463676,0.9249818944354398,0.6780749076085011,0.28168717025269063,0.8777847067152892,0.7268407351125133,0.8610444714194507,0.5215084240427966,0.5729424084825228,0.4529240633044571,0.7397978987923995,0.5721902148267654
133,0.46150548174643946,0.6140110786260566,0.7079094194091246,0.16120372075224154,0.7822676164824058,0.51977087745669,0.5561990770334688,0.540321928217248,0.7760627431542095,0.08189543572256186,0.15319594113833856,0.022825361500569463,0.16619507110544107,0.3824932560864128,0.18166567624506302,0.6610044862414135,0.4730654314025081,0.8399509388307762,0.9408020965079048,0.8380451150895213,0.3019489880393781,0.23575498401898476,0.6713601204152276,0.5188352551470152,0.09247971471548544,0.17957342559124412,0.5092382978960797,0.13579901719526777,0.911783854037265,0.6324009356274702,0.40271023783216353,0.1496963988891733,0.8532847264007624,0.15951215911802707,0.9355699405140329,0.668549361370582,0.17743841947875527,0.43291824620859376,0.6482145379981825,0.38160146104184656,0.7380857438626213,0.5786710653716333,0.1104043758325256,0.6420707100620024,0.9515180836338495,0.7507803715405775,0.7927413045905476,0.5048346572797173,0.8085635664600846,0.5222628499362413
134,0.07147199297113782,0.4521766647675599,0.6941398726619051,0.27558959537828676,0.5912516867260192,0.3225190027999333,0.5718159939268551,0.1593809859699007,0.17956590481134116,0.46568910553904663,0.28947066942415334,0.4681338869494708,0.6866530071284942,0.7585170971945429,0.8283949970023629,0.07427947714724692,0.9062592204180119,0.918303835980778,0.4792873120444512,0.9946843386734149,0.8626184167640708,0.6543142287883834,0.2243887134102528,0.030986335637381623,0.9621164171082831,0.21466080813763933,0.6156461854166247,0.050058022670348756,0.9832077637062222,0.580175373902772,0.03281562545835848,0.5066306076188442,0.24716489157150567,0.7082968153474068,0.9669239684751492,0.9151915017828193,0.4326441820973085,0.44228918855942745,0.06296172021277047,0.6521834049189682,0.28361717437633405,0.9005545551494102,0.7094048541866224,0.45222734854683977,0.40617553754681424,0.43656600290089786,0.11417865859892562,0.45358160315933604,0.10455800374062807,0.6789273330655524
135,0.6846161229233384,0.15253909027711576,0.20393264867692562,0.4442697551635282,0.33029295597101416,0.405577590467569,0.7793426623708569,0.5248671203646974,0.001339871065812348,0.9546169233391729,0.5612112402612539,0.5910792332387962,0.40384293246959624,0.79146122845664,0.5965053812164073,0.11091862879395076,0.45601641552416683,0.1896807765763815,0.4261990514343157,0.7225395318093966,0.15023266356896936,0.15786988412082337,0.9859347208099204,0.5459906139801389,0.7025480332296766,0.4620478590821302,0.8299082975037754,0.8275764574855462,0.1475832230099634,0.6020562432835161,0.6533499727016475,0.9205056253553929,0.9735292817651865,0.8430326743611001,0.31087154340848555,0.3344113364221267,0.04452988240597344,0.06859592854250485,0.5201298340338694,0.9911618840355456,0.32047987354738217,0.009625415348809119,0.47235189711633163,0.5745636772502245,0.5149354221679159,0.37519018958457395,0.6231163919127913,0.04729704173361948,0.8469177171325308,0.850856907954531
151,0.40874876611309574,0.8527832335790639,0.8039226057696385,0.030877370088075562,0.6433861544981395,0.9257478317864313,0.8411452155150337,0.21059419630679088,0.1989152073874837,0.3731255530139609,0.30276937195601183,0.8656332470366498,0.19683372270752342,0.38993667061801074,0.9834846565481536,0.8828916170387293,0.5402693410894887,0.5829658735505847,0.239653480400009,0.3171909654998817,0.48944810428507346,0.4327960869966744,0.04973486195577659,0.5786768568104128,0.17799360309190182,0.8577509155015531,0.5946702889276293,0.3615793826547805,0.9738424152151827,0.5059500921921503,0.5904195941730084,0.4752422274978998,0.031960202593410925,0.4527626041236078,0.4471479032456057,0.8002767368874947,0.8844400561643309,0.12122984371993695,0.6863922231587251,0.4514232571616458,0.7112076242979637,0.019612666681618762,0.13772457095891166,0.775594088024761,0.8070960917687865,0.39965178153035075,0.019393774662612717,0.4099872018641755,0.28528472868019183,0.39880326766063845
157,0.93975005184845,0.32372134781201367,0.4183376878588475,0.12580638208007056,0.3435453723639129,0.717507658454447,0.2583581923293262,0.8003962117272431,0.9208564207195359,0.7253073058467187,0.5151721580180323,0.6363852638995597,0.05164934370063101,0.3900302050247537,0.4948385643709602,0.045674356183249776,0.2582002925260557,0.9409385969045603,0.8386576399210419,0.4304495780050306,0.7219981293267367,0.7397357146491246,0.5224059949747647,0.9742320884721607,0.32884241054579755,0.5351524209673126,0.8729280724815678,0.3135930475080382,0.9335846160007566,0.9715885562947931,0.4017125076340169,0.5977782059271683,0.23367168369679547,0.8317436899783242,0.7079546935017237,0.1720909929313833,0.3781259619594757,0.489712768866426,0.3920938842396259,0.04004154273176319,0.54091396557798,0.550357504533247,0.680583978363371,0.6708737218063114,0.7196636508320711,0.29616827939095247,0.30830993723565936,0.8077734253692962,0.39299978871017727,0.6474019702629976
161,0.8830657875163296,0.5861401960118398,0.6556173398784358,0.42010330991434996,0.0868606919078091,0.16066770510446016,0.5620073109461566,0.7753904468255607,0.8193892383857309,0.4901140209613696,0.4007045959252571,0.500793235808615,0.2565409279731645,0.26564164714555416,0.3275481866437545,0.003772228833708091,0.022929349478087557,0.1362901107908271,0.7092167930131436,0.37292359590054835,0.728999941044339,0.25482520148853904,0.0922368315721146,0.056727563986481266,0.6993496776906533,0.7722235237868766,0.9424464423781158,0.5949199872848344,0.6458329951922043,0.11160689953477054,0.8782651911986776,0.12339802569901415,0.9498127710173944,0.7327962819802323,0.7148326177486775,0.9943494586375368,0.7943131439888778,0.7711390360805265,0.3520259260891472,0.3812299815571697,0.6296775409410876,0.18783763677729615,0.1581721179302754,0.45139819994096264,0.8117578468631791,0.23415097458782297,0.3073109247252206,0.6073716664025911,0.7912876189282342,0.7139571070392464
165,0.3408537827556788,0.7589623935774297,0.7142608492641497,0.2541759364592071,0.9969933542206968,0.9487202246077211,0.8475443581377311,0.5968110283423254,0.3326756345992492,0.04612880064165348,0.6193945002420457,0.2791328809985568,0.9837407221421659,0.1266213221593141,0.5234134071751082,0.02809926632190063,0.593013615405581,0.07000192975793806,0.6031585405044837,0.7330132831655529,0.7654968864864955,0.2862741518420918,0.09840430840896408,0.7676033241423884,0.551025586995816,0.561367589857105,0.15744862143456972,0.6083846594289883,0.5164592898408976,0.10544315635944845,0.32177840777688105,0.11310652755699535,0.8031093366022334,0.28758711370526036,0.7909665447300688,0.24755739793573983,0.868060349256728,0.650701034648655,0.34251347692575707,0.7811261605929862,0.7504858858046395,0.8858424448589858,0.20017291357983913,0.08709380317076854,0.9057815358817638,0.3326391827499998,0.6861927644808228,0.19805964548218835,0.044536465051924656,0.23036677569816455
168,0.5903679448551574,0.23463364106931928,0.643473399121152,0.5792050123465861,0.02961422805259617,0.4873802937306356,0.3412247503698841,0.3944989482965935,0.33029792665333935,0.6918829511002059,0.48317435802867514,0.1036509550503133,0.8504452366391151,0.9867196104773596,0.4913236515499376,0.5639927732090987,0.8431514782516003,0.4870174108538823,0.7190306692732664,0.904807620462669,0.4352374287635957,0.42755564512161726,0.8681086315029514,0.7164860700256473,0.7000001288242254,0.6484990772921401,0.013914903212154939,0.7231314433527307,0.8299667182826562,0.3357557418980578,0.6017286288014221,0.48422641426640645,0.3696776027798536,0.10468171840860563,0.426766199028881,0.30526660105622594,0.03578758919624281,0.5445660747899191,0.16893993801634843,0.2764406467700098,0.30882202259688785,0.26581470705416543,0.7516115347878465,0.3917945729664549,0.22842923785216818,0.23210857803635476,0.25292621641212387,0.8589279924209172,0.673528942264195,0.19234988367610661
172,0.004056767400089534,0.6755328375999571,0.548368279586536,0.19078429098544458,0.2121157120752094,0.6479448894833886,0.28249330149036345,0.5115578164049345,0.6014488375591763,0.7965665084881411,0.6372266696846473,0.7389469885035446,0.24463359572037402,0.7743783756980759,0.1980827768557304,0.4969827445136963,0.060323094331627414,0.9782964871061149,0.22542483867997243,0.49387533342357015,0.019315073590769893,0.38043606107581673,0.4397466900768485,0.9431366963227094,0.10484015462754892,0.8162313215258948,0.42925606196227517,0.8815252508765407,0.8774315870528925,0.31295801950936386,0.9463068847521221,0.6338965888118693,0.30213330972167596,0.6794088032160078,0.017331939905997462,0.09425533839707378,0.6114292860382956,0.7849237471306038,0.1038580037569824,0.79003615498818,0.016835163287026722,0.9071313998833341,0.25604060893757574,0.7560428429281681,0.6936080946464902,0.3278323082688407,0.7838504543856035,0.32654131015149346,0.8382086170442128,0.0058072450548007915
183,0.6200954095838521,0.16843807014669376,0.28795140250083384,0.03350782590983836,0.9864326330152413,0.10553929302206766,0.11244667100221306,0.38377370330762406,0.16361789154698392,0.1109913801509047,0.4090308165124653,0.08797485307124353,0.9325692623731036,0.48253222168901766,0.9518632911485274,0.9475787419447389,0.007763301995663552,0.8428928024558712,0.18492506708198841,0.6784910530106211,0.33942426850669916,0.49965039239925135,0.11012751055800374,0.3676280689308532,0.19715860052609235,0.9482313788559401,0.6406968337801767,0.281038278780251,0.8702919430371564,0.4836635934203105,0.7716180641309606,0.9249955234969762,0.28236589880235374,0.9996270173591082,0.3583639004151701,0.965657452141099,0.6419330287973601,0.7641128260800286,0.09923974468913654,0.13055142347992887,0.3620935038998211,0.6552384747752797,0.8095675602896687,0.36114593143197704,0.008273554900407043,0.16836489234482654,0.5283154514594653,0.7620160112067477,0.8622122013691049,0.9143521891665317
184,0.7451632582892501,0.06524711562741492,0.14212184261375616,0.2654060601932138,0.7219390321627891,0.8410115269674301,0.5245505885486902,0.5042157783747527,0.3901611609618114,0.6869887884791199,0.7334120013310076,0.16498795929841525,0.18763028173884622,0.48626614007957814,0.0338085296019196,0.7873246990417527,0.4980023999204266,0.328767935274623,0.5895747510763892,0.7694529292664454,0.29844294815180317,0.44048830927508287,0.6418076983487266,0.7902232269062797,0.8086171244503776,0.9734290116865002,0.6827220202998463,0.7779949305089284,0.966360326612972,0.6432411349467071,0.40713323395315704,0.985683726330092,0.7123146420164581,0.23471793674089791,0.27614650724190626,0.3693510839068457,0.12120103676093308,0.6285019596054741,0.3055248128870237,0.6627557683856128,0.4671803245974543,0.7691454982553843,0.1320400545521082,0.9881489708195952,0.8178410987175256,0.5911157703324149,0.3613074840440452,0.057799330900337176,0.8188939620714796,0.31252266097501935
192,0.14761408207706295,0.0076734569176578615,0.969024463132549,0.896406042774002,0.8261146003428683,0.5455841521542367,0.3436791672209537,0.582961319957952,0.6574414236596902,0.317715015546865,0.27944591446298184,0.8256941547701327,0.8995694090270916,0.8568069066204026,0.2348479862502394,0.7506021723584542,0.3619574243829172,0.29360403646236755,0.5619206389712937,0.8453419229376942,0.7739846092972489,0.43838083071495015,0.3671105607667666,0.03322527499317052,0.8034034745872737,0.05530113829408345,0.3971513546483024,0.9069574717505576,0.7871938229984836,0.3792547106695445,0.29481658142876155,0.031662712215755895,0.07993153950110288,0.9637176847893951,0.47355737869152803,0.007074476926762552,0.5235712803334711,0.1467965897443454,0.3878593572979785,0.49519887934129214,0.47967963452628415,0.12367021939056666,0.3496743774090024,0.6683294748858511,0.737200131919517,0.2961160321809603,0.8305967802182717,0.11335227684972216,0.7689641630257525,0.7851263461732607
199,0.6960836517319479,0.8220249845913568,0.16452083859927025,0.957957213357752,0.7963120670037772,0.7877241189956371,0.9305469075312299,0.8776130840200208,0.532915086190177,0.7467741444229667,0.683315913210838,0.6600164654715931,0.4888762191568269,0.6955385140167134,0.558537126378815,0.9303875843378897,0.011190615853522656,0.6069056033574579,0.7223250835272104,0.6529908631241853,0.7021194893475488,0.6234581403946264,0.9182742894108978,0.13983417034388068,0.7924761780972401,0.42606777034316434,0.2552987395005818,0.4356307886633414,0.7669550025028571,0.6308855187811968,0.946877178801576,0.9008349136801322,0.631982524055545,0.3943620192732836,0.6115976267000505,0.3444975323252992,0.19477269961335442,0.999923893678721,0.24440753797710035,0.2255844321515854,0.4433305097177732,0.428628222739057,0.847234172074338,0.33358253961320883,0.62186272435824,0.6291939230329375,0.13787648203971214,0.44402410246013413,0.6805911244496917,0.5768082413798238
202,0.8769159685829899,0.35923471378035743,0.6978710370373478,0.9776504667080784,0.9801703218631451,0.519621467419592,0.9811097529731553,0.9623963592421421,0.8353160242102717,0.3277087497444039,0.5740086811387595,0.17062281284302272,0.5702511302678906,0.0851366319010145,0.40196621933689236,0.9547401816326443,0.8196443746757622,0.12195629728410773,0.011384589137207746,0.55766993762312,0.08454270563584299,0.4292226836055809,0.1903914008673625,0.429738261986813,0.6332472567109346,0.36689000735592925,0.724996177019777,0.007870847564464212,0.7698037184222748,0.03436846175150143,0.05776477194805929,0.8564332911591708,0.923113452254697,0.39928440923009856,0.6253162564864813,0.23387401766549698,0.9184625243562542,0.6573950969308332,0.11628995458242819,0.5009112267780017,0.7827105836189678,0.723944864321197,0.5499561312031711,0.9199206658517421,0.5727142394170507,0.3632894675236962,0.23663059234793582,0.9678939865164927,0.26176229467806644,0.8677401222323881
205,0.7311148389448731,0.8077896194682597,0.4042628135839026,0.7375255796402461,0.42296727425972624,0.24077898935156916,0.829393691031,0.578513032168747,0.06425008701066581,0.22101147934157284,0.3771378729754433,0.6530996599651536,0.5678228928970589,0.9870217550159838,0.4818090619252172,0.4909325960658212,0.5039280897408474,0.4470768937441534,0.5264664329325348,0.8547405060559076,0.9436561372882181,0.04512357470973771,0.3387472970037637,0.7460517242248103,0.409898516250087,0.4063937134956732,0.1359041204172079,0.5520782865437562,0.7360435752230922,0.169217241451602,0.17392767674885667,0.2907371359066949,0.6103230244232782,0.12710431247853826,0.4807951934779233,0.21104336593224693,0.8356994898468821,0.39000483574605194,0.7962515133729425,0.9710378892898267,0.7910017608543273,0.9995613418238259,0.940573532194681,0.3422908499546363,0.7573535714732238,0.6644091670568153,0.92008708023373,0.9079005508459801,0.9806593242558295,0.17048037243964076
208,0.9042229997002983,0.4721433098097544,0.8727998626585536,0.4228604258742069,0.03692507704211956,0.10506000127861825,0.8210628539705523,0.3088563261030087,0.0007727689498993051,0.40237100833064987,0.5770954590281909,0.26454143382546347,0.28182132720503783,0.9315545197380478,0.3762876988110705,0.23825524611110582,0.872220933451153,0.11283852646447101,0.3907573480340528,0.051961492034887424,0.6002137927839946,0.18185145901241384,0.4019114042182772,0.6099401890140351,0.4142966426842569,0.5766087605714693,0.9323516840717766,0.6653633494672332,0.8751265771328817,0.08904487462464572,0.48387021572293853,0.669945773261098,0.3825448953292797,0.040220403365588187,0.7088819327912195,0.7739329778764377,0.07744371922034599,0.9235568530342337,0.2366694238809649,0.6244997897401684,0.06255321039599804,0.8555951827095951,0.5601047547425101,0.6054213483117713,0.35651418638056354,0.8512056442740201,0.49910014026871485,0.6175973475109601,0.8395262629268146,0.15583930491815168
210,0.3312769841391472,0.5547655387010428,0.8855693655356464,0.7269189166077112,0.39637823619754253,0.9282484019882439,0.854959618484263,0.8422483073134714,0.6998405001893531,0.2656375654096451,0.1405824978249226,0.41575351635837665,0.5299079646515734,0.0656998624056685,0.33529083806308435,0.09436764947589205,0.5491294319690982,0.438339672344369,0.9323920418086805,0.2907930330960521,0.8796612529350883,0.2258793640571235,0.9793058805361864,0.771296578218528,0.7188866847735114,0.06491571702115828,0.5944799414392231,0.2453484094032824,0.07041605670475459,0.7288323776144059,0.15883275140850972,0.32271404160492667,0.3816700506010613,0.2388668530659135,0.6629711787988619,0.12608435272262164,0.20770794706916762,0.21520232547769313,0.7955093475227057,0.8702029291887139,0.06280382863864231,0.4947920180751961,0.6642195273261216,0.8999494192866074,0.45717035685042584,0.1538305412559856,0.22535278385187507,0.22608137873821155,0.6666938849287793,0.6910341106495581
214,0.014321921568084539,0.4102318871075712,0.6304629186962494,0.9410020076705354,0.08441056558491333,0.6411580541414579,0.24552668380885767,0.8197367224283,0.31038938500202573,0.011364435864842037,0.8118863925162743,0.6381469274185793,0.6472662678614686,0.8872622846294641,0.13039779742990854,0.30668928137196694,0.4817716033129027,0.15187614377288938,0.5484978869388686,0.2767228047696907,0.5003375549643058,0.47282943698181323,0.15121318091580482,0.4047481168983249,0.5776542923981492,0.10325708297069669,0.38481237548033176,0.09798399559231996,0.3909270442629186,0.7906303701497173,0.6497362975812613,0.9551465969355238,0.23063382262736853,0.3463332853841449,0.9908908166054883,0.47870248398361726,0.6979784255193607,0.8464780848259705,0.00010014493121501822,0.40905462339537824,0.14109504001452688,0.34245867749091763,0.7555328270314732,0.8641767596493788,0.3280290593300049,0.23524389978815963,0.5710776580982354,0.16579278733814828,0.06630704950625554,0.39138302058691166
215,0.45599977065222197,0.4425420017500178,0.33463935699778213,0.22359238557876338,0.47183626916241095,0.8407885697582776,0.08747828612447595,0.5460272538835014,0.6676487140871764,0.39317935294662665,0.3350043324166806,0.7064680326796153,0.9509180835976973,0.4297439372205458,0.9306925097976766,0.9281496499682002,0.49868628665686077,0.6414089203093291,0.7825931771573317,0.46754381710263826,0.2209391992894184,0.6710612872457276,0.7604046887844375,0.19014164084768537,0.705684181186339,0.5434851277865811,0.8300727598826199,0.6085028795492867,0.1801146505582567,0.8799976730252838,0.24599683478903123,0.40018899645899997,0.7147616564875378,0.03233863777200885,0.011196526409319119,0.7805317386633711,0.007600642764779453,0.02434710347825053,0.7239931450219468,0.12211364388716406,0.6839263215631097,0.10329050814688046,0.30492035560263486,0.7270562426722998,0.07144067015499223,0.5184214011141958,0.2179829750397031,0.1807228049871452,0.021826576314366575,0.6388221707294358
217,0.24120811538620757,0.5987548437207334,0.8293612113860541,0.3902004022169445,0.6270926358665743,0.04546785596769476,0.7970643019865119,0.3490218016849086,0.3226746748403988,0.8152494664581028,0.04645171321467745,0.9552117207465036,0.46232621091335047,0.4466775104855547,0.8210617101152373,0.9064418690838629,0.190996920446873,0.8404916277987378,0.1285149635535291,0.45032059543899217,0.6790811067814618,0.607475133966732,0.9781208511170102,0.6690532934566206,0.8966815249513749,0.9422592380587342,0.06335920915431881,0.46154109710951197,0.9413365020688597,0.00328080515768292,0.43912654474556234,0.9819191954367373,0.590549738169976,0.8831294002890924,0.49722881294057963,0.9261597567660191,0.08641603009442889,0.2109107757487042,0.6863440460329364,0.3256392545898821,0.8208681684834498,0.18328118976534313,0.5873145277910934,0.6210790997584149,0.7729151531571727,0.6300962478647586,0.7906670625194284,0.051333730344778394,0.5915126665764409,0.01536209367038499
231,0.3117585045525296,0.40098863466329526,0.08191357114907416,0.4652500104326913,0.5268746136975763,0.6946315191175886,0.11398417559069485,0.33747460732265955,0.7221989057117549,0.31158371109546146,0.8125535732619059,0.2690257015372761,0.5326812510268488,0.7895119907403856,0.8505956267183215,0.5173132935583075,0.5190959898018934,0.4452206974135916,0.698864134238168,0.8899571377399244,0.39732276563846736,0.36124856494128266,0.28719000185518595,0.18958582629243892,0.8616302064848146,0.6674298787072959,0.8318869738300289,0.8665623456342351,0.9975614104029265,0.3714979037027991,0.1580926799662815,0.17204214162003673,0.48270679680105333,0.24491125145376824,0.9284594693986382,0.00586425535438817,0.25683305754249475,0.37009422515352064,0.7025364842086056,0.523501793533967,0.638268259810563,0.7888742768365197,0.13589364321799224,0.7300712864004028,0.6882048793309267,0.6081054704161787,0.1509495376353558,0.06392008817272088,0.4295196521869491,0.5226928650697114
232,0.9197403807950004,0.02560636780636749,0.6892452916346599,0.8668950959163847,0.9845967908249161,0.9418717210495279,0.9106116864046246,0.013631955773317883,0.9237140619734805,0.8291613781992347,0.2368375776752163,0.39500402023371695,0.6631935141672247,0.28559229082414095,0.20338891479902776,0.44666469441821466,0.9405482016521588,0.8215148379931508,0.7065825527224244,0.6553583494731973,0.7516225759848726,0.9768630380841772,0.8111381745211707,0.7001487164583193,0.5117784623730032,0.6639649511427502,0.49049996234854454,0.4486610226637029,0.24576512397331818,0.6671188123217037,0.7423075946640552,0.532183144197582,0.3122085372503065,0.4190241929343622,0.7196828034728276,0.9394294706088483,0.3589981236483566,0.20737212884757117,0.4355933214027964,0.20201900363393632,0.016078731678522806,0.27820266607448896,0.31417873497062665,0.14121852775787513,0.5784201976304072,0.3433284306276342,0.9210186930254788,0.9299197519469755,0.36497371427685177,0.4327289786399652
234,0.24976412272830473,0.37328067943506293,0.2406196472015878,0.8963390096207176,0.4686708563850257,0.5429814450696182,0.8299116640803713,0.7661088634143554,0.11709061711853852,0.7796124234114749,0.19135436018815577,0.30751650288566756,0.8802073613556052,0.31808783193346035,0.3042904339719812,0.23491704811825465,0.679157268053438,0.8607945828044097,0.636508533161222,0.4363398562843942,0.8163970663011474,0.7196849402393698,0.9013755407502274,0.5024686414783871,0.2893942222920085,0.27831784560677875,0.7479807523782822,0.6752074193534906,0.0966018864589504,0.5620769010872101,0.2913920026401534,0.32910121419161253,0.04220485637745408,0.3245884282215462,0.796063630084554,0.11061043330491782,0.8845276830745633,0.06611326865541045,0.4671931124617822,0.6264536143284297,0.9643086390066623,0.0010434179211710193,0.8757418448467539,0.6671537203970603,0.8482974127142471,0.5796969674744638,0.01832076640163338,0.718915453286991,0.8965154713757095,0.11287080302399166
246,0.8829366330982028,0.6683720758097687,0.6290387044436841,0.6492875211170153,0.9836503043952473,0.6282411011397626,0.5972512631795324,0.26967505870863884,0.9750920519733766,0.40898838519569747,0.7965856586968724,0.7318513353062948,0.07614217274511792,0.4788774806707349,0.3943556007860165,0.7348178615950943,0.24349964457856155,0.18810925869768813,0.14336895854232978,0.4996931216057038,0.4260451668672002,0.9876876609101647,0.9704310355699552,0.4640080329577746,0.2475192466306203,0.6039195328609589,0.8815796479411054,0.18720348354051242,0.8667271673922387,0.3330347757906359,0.11020995804350675,0.36849239100067466,0.8984775255161189,0.41289694482569783,0.16956023396500253,0.5238221975958662,0.923372905622543,0.937482771383865,0.6754985910533042,0.38318741616880725,0.4147365864830773,0.09613771570850949,0.15610625098388276,0.08581416710857293,0.2687391247472165,0.3122913239225237,0.9340668539478209,0.32261469536299847,0.07378664640059118,0.9555573822785762
248,0.6885025232699169,0.5323001333415976,0.16056252572098784,0.6395249393519417,0.5813753695077183,0.33683502127988263,0.2447809841934303,0.855323792620982,0.9843903156142751,0.06880082025639112,0.3387716313685717,0.37214661880785993,0.38138893712414734,0.5620005930698226,0.4502905880053213,0.39695472932308107,0.7566849359455267,0.5714486825284705,0.08134970837502531,0.9407807394086606,0.7318407667985044,0.2994806061163384,0.6981012674296969,0.5168206307656462,0.3320804222372884,0.823992768292622,0.6166798387934534,0.9635443923206115,0.6008910613296646,0.2188752780441916,0.9342019713093243,0.702077903385721,0.7354172262791808,0.9055878239456108,0.4958170959627973,0.6988605337586815,0.2375768750746372,0.622181912815143,0.9223097883398352,0.21476998740841768,0.6495186685528416,0.2917221599081521,0.6737362911515711,0.13582463033551695,0.30968521259898896,0.9093122432778682,0.5384898670650842,0.922387111896891,0.09469764255955104,0.6107132259151173
250,0.9218879430854525,0.9651444870638164,0.35651128904966045,0.902251405448921,0.38078705871147944,0.011225759533889823,0.5648015164579517,0.8671778646975994,0.3427941704045956,0.8383325345793041,0.12062352217346095,0.6760406092739423,0.8118333498077129,0.7871444333761268,0.8074681654793889,0.08669127370847363,0.7240384492851321,0.18764447816618124,0.8589453793711415,0.037499526985980025,0.36193040517064623,0.3876180501735871,0.1232152738487049,0.6725035323345624,0.4143595384984292,0.5608237009623682,0.009013090171860139,0.8643405054983389,0.02444566006471005,0.5013571257338659,0.5997819745001897,0.844983541091881,0.01864508330610104,0.2948960507244899,0.05749209434217617,0.3834441448341722,0.1797269517212141,0.9438723866358558,0.5117673003453566,0.3552744890386821,0.9103191437549978,0.12024825801092698,0.7798214954496181,0.6639811569559085,0.4852273913826912,0.4498771458432034,0.41214852062167695,0.45779788711321756,0.5786384901644847,0.35706013465368414
320,0.7560322960697469,0.0539121567276285,0.7767195131597244,0.3761485840120653,0.20577705679211156,0.17958864093472882,0.8499773224235807,0.2315502603913333,0.5752594529197753,0.702873015091839,0.26129045793626904,0.03517568806787008,0.30008129079988,0.45493998949719827,0.99694654611018,0.8704264717867323,0.9875841474777564,0.9439276743935832,0.28160436398668076,0.18621475172908142,0.5000469700431596,0.2405262889625599,0.6553956639459794,0.9196052561715209,0.9762315185839027,0.10001623284398775,0.10361570836106715,0.3879531459598592,0.40614222924447074,0.9152875416528534,0.5927689184635162,0.8517172412317628,0.645870489176026,0.8387393405649486,0.9652144443445886,0.5449069101431601,0.3105667717283367,0.6625286571531108,0.6626227665866646,0.7617107173617403,0.42151572261555026,0.9695238861655575,0.017203581660974132,0.3093253552919819,0.3668267021900349,0.6181069076430361,0.32600262290909865,0.2134386980609967,0.9334937236285686,0.8413100745006018
323,0.4999338253550668,0.059945071064839484,0.7078067536510722,0.2649203808732846,0.15745970161321865,0.9369987569393925,0.7362565305224789,0.20325912057038853,0.8480725759339267,0.049068694891264864,0.24768898469924605,0.23322995501334776,0.9059443586852657,0.8948451040745635,0.23396863193619555,0.3166724163286164,0.04614190927790163,0.03973555764180725,0.6436469841679096,0.04059557795812008,0.6725934847163155,0.009038352781564063,0.1622368345938896,0.8490061967715841,0.6874695924918014,0.7183649449434276,0.6142737705480338,0.14753157977610298,0.8223763431249997,0.4796123146402702,0.8594518262688969,0.4072479075968597,0.7955946249910423,0.5965738196212688,0.5305615470647351,0.6396960248830628,0.005245527590313825,0.2387801023552476,0.42378794975959666,0.565126615580411,0.8738025637515817,0.1751591069898878,0.7359901322545632,0.09748723251145208,0.2571712439514625,0.7257367462065458,0.018868753324716048,0.22992359063379442,0.6084857417184525,0.6904320681563563
324,0.7218417969944996,0.5125828724373007,0.20085477321958967,0.9772608303576159,0.029804213698279902,0.563210986262872,0.9797311093538212,0.6040338863237766,0.6172404376702783,0.22591024277140304,0.2210675629358193,0.6964921513547001,0.9563309692827393,0.3340079514569366,0.9974415707950605,0.8737384863220349,0.04476934492671669,0.2944570448055298,0.9809679062140478,0.6524155130171372,0.12485125944335607,0.5600983430803692,0.9624378434181159,0.1654320011419581,0.5263595230822915,0.33114677646569457,0.930784786800141,0.5438453197929886,0.6345808411264192,0.14674071466121175,0.16494439919140902,0.5418017172110645,0.602936020090395,0.1987504884996626,0.5955357843717747,0.3321111491080543,0.012282869745387281,0.6631229282026979,0.4154191810561587,0.9789437971028976,0.5949522177205352,0.2489361077776201,0.39124180882586757,0.9178374545870912,0.5142355114777554,0.8885758293112725,0.6283095976696167,0.48446484700322234,0.6557074895402465,0.38361786470428094
526,0.35801550835209595,0.455208311793165,0.611550503921924,0.22837234280125207,0.13570472468604977,0.9193658496628248,0.5867395911313252,0.014022218784699447,0.3199707379384217,0.5003621729234691,0.2689823323823338,0.8164583202432606,0.349489561256918,0.9012037790048839,0.4684427008763349,0.021583092116641223,0.07575024130954744,0.05521934029828013,0.43348515592190195,0.9379113394470798,0.13353669149607905,0.6221170371985346,0.7665737982006229,0.6015448638288247,0.47719753351468985,0.7445254987020964,0.35825681947536947,0.7810955422683626,0.6526037875199848,0.6863704044945742,0.4055691733468141,0.2431011932410374,0.4976027056550183,0.6080136501845081,0.5737320589178103,0.2702175226245902,0.3659586377811781,0.9074948882110245,0.3091045739218732,0.9125234597282095,0.08844444247662797,0.24560134329833327,0.03658337114180776,0.3242186856234537,0.4592452956167047,0.12060790339875849,0.471139986539147,0.9571771826602328,0.1821858303620898,0.6217331552220877
531,0.20552914857710225,0.9774727254474285,0.6923838879403398,0.5504011512808269,0.6964502733890113,0.3403169669912812,0.7558419189866549,0.8319639804306491,0.7576024934120206,0.09208587034403759,0.5280509042891338,0.9381076807023419,0.9010892084442695,0.30610924524627414,0.23597219202729536,0.10811603794913383,0.8288148740806133,0.7140773143718327,0.01739741234119274,0.4650983094166298,0.8681958940524739,0.5734057433644573,0.7469511818312521,0.9413766486599112,0.34061512860135434,0.393887873004921,0.4884581929918782,0.7098884597917655,0.8478025150320518,0.7758237521815835,0.4403806210475828,0.8356117492804188,0.7463762289025303,0.9577496755834314,0.10498625867671174,0.6845130309502223,0.763725894544455,0.2809028333965149,0.04466339054013235,0.8343838627544662,0.35767427497177884,0.6310567531843208,0.8631353308920042,0.9779454380561641,0.945249948287337,0.8712646476252457,0.8521466155623669,0.3229783356331376,0.34086576677070046,0.6185171091758658
609,0.4723135565093193,0.19336983207989988,0.17144190743457866,0.1087059134159637,0.38570178846503833,0.6534079770718871,0.051013835493731285,0.39307408628610163,0.9964332890539233,0.7725969348072105,0.3066238977350235,0.750857910860708,0.9232354553061516,0.20346225796041018,0.9953019908669769,0.5828704874674884,0.5183169979109349,0.6737668157532526,0.5735534646008478,0.06836731255738737,0.7784636114071707,0.9210702479387584,0.6120531710011652,0.8344934250506507,0.23311716732817667,0.5894743784888724,0.07001744617856998,0.5691854485079171,0.10332816927572896,0.4539186469548744,0.21305649300362317,0.8918086383518714,0.32917472140854365,0.46335957671112504,0.6614760808264403,0.5677975601243773,0.6063594097842817,0.628800767158327,0.6673781431533421,0.864595502604422,0.7355822669079943,0.040981497483870366,0.3816288751836471,0.32677203820878553,0.8001142352226835,0.6303864352551857,0.9810268634375034,0.4348510240672223,0.879984440946829,0.9115461177892631
9001,0.9331349474837974,0.8411532964868282,0.43995308122162924,0.9136285777242812,0.6648994961193276,0.18671609596487526,0.5735033349911544,0.45959400925974525,0.49189644814940925,0.8197784418815763,0.5852616744733258,0.06925439535167255,0.7807584655661286,0.9793017050599726,0.12036348741174885,0.46298297217073026,0.272735202873033,0.6263922161881815,0.11852712109782182,0.6297198996557067,0.3672178078432191,0.43447716345165044,0.911405854332124,0.7161117825788178,0.5204339533315884,0.19210105758702845,0.8787721405067758,0.4940265796148985,0.40129776788072047,0.5607119164858255,0.2626510893255489,0.1931090613003985,0.8874680587857571,0.5264957909497352,0.6870127994653015,0.6592812851818906,0.2038595699855974,0.680879745272619,0.1038170138140786,0.4908977349882673,0.6338299355788983,0.017108131366282642,0.7372856974330624,0.0024576458541619717,0.01265954339657216,0.3377136713631652,0.9605423652802738,0.8160760233777768,0.7677336061147552,0.31979610099628
9007,0.4578316885461856,0.037076290748700336,0.2741704843216882,0.003225415547628341,0.8444762222185256,0.18780371162958232,0.9614049574884727,0.7755185919250749,0.06514040565270951,0.8430099454020908,0.7941857199228557,0.5802432476482818,0.8373675371172913,0.09740210109623448,0.30041500884920724,0.21084465792356788,0.12513952308474197,0.5281222894724171,0.650886806647157,0.4382084331967171,0.08466639726104574,0.7602617292253878,0.3252403007109833,0.967950180059994,0.6711530928664567,0.27501984247876776,0.49294260312133953,0.19660916396662675,0.7906555740009409,0.43888968088497393,0.524445752821538,0.7256785275275878,0.9860647475865253,0.45515141257419267,0.631262709210479,0.800781108705997,0.09265560698018238,0.17976853695652717,0.3426046058690192,0.6660559163332479,0.10276324523872304,0.30539417741356656,0.6455624671735519,0.7130257892601879,0.7637761157838462,0.2768342500893166,0.17388983113179723,0.9780913124057615,0.4166678951603284,0.7168528197704594
9012,0.6940926051992685,0.39665397457343643,0.47102078416092297,0.6264235144933256,0.027544269452883907,0.5014974905642341,0.6649713615542796,0.3575187659250151,0.14086405765547172,0.6519539803818022,0.4850293519795801,0.3957559229201004,0.9490633504070294,0.8674060024549881,0.03892368155674508,0.0638258714706702,0.8013641510481033,0.32422752973539215,0.13886976986722133,0.4612715984069762,0.5009762088121144,0.7690298924236337,0.9990942347938745,0.9570768827771156,0.20534408216667976,0.8913964273676238,0.5242634075423575,0.9708020466640911,0.6747305006388754,0.9519003607417879,0.661925318203347,0.7661490530798254,0.8864644685411961,0.007803244488380878,0.6250029346881623,0.4605190520570931,0.251768319080413,0.2737746182826659,0.09676184611918548,0.9622360536548182,0.6773246874072726,0.6791993162099066,0.030833655703687124,0.24273276990819515,0.02097650060778311,0.8249967226433235,0.3012460542718184,0.8847262730803491,0.4774477384579957,0.83678889078828
9021,0.6104309861128908,0.2286232631652516,0.8271515066071601,0.46996605616027476,0.9522570104000964,0.6107236119699652,0.142951285374031,0.19390597134796572,0.17981349838372673,0.4716498442293552,0.6108484995893465,0.3361358557488042,0.12672277017888833,0.8502705913887081,0.6448050035832491,0.5497047443521648,0.38776768117373706,0.8084599220841505,0.4853565870570975,0.4460308178800121,0.6228713424379649,0.5456222089282794,0.2044579311501279,0.5671783639841764,0.36307318323559123,0.33265606436054596,0.6555059288014365,0.8246260704656115,0.6595572000429821,0.9179449059010852,0.7873151612168959,0.05595267968871287,0.2865813377113513,0.532824956949812,0.6854529372435427,0.03692265707221842,0.7680522614370763,0.8844783795847457,0.39318641600462145,0.8743120717994088,0.5517925979961357,0.7242269448539572,0.40053840362378357,0.6668929479892985,0.3837927700602297,0.41318188409924306,0.553586735724283,0.26250562294319535,0.19749668940451426,0.07005800805625428
9025,0.3572849127692017,0.35261626021682113,0.9569086107651312,0.34952901916895696,0.6828505194623234,0.723947129919241,0.05636121571700625,0.9621593903787579,0.05070780546889031,0.5448313077706715,0.4373956411926567,0.7662175489090826,0.09336086531855536,0.377603151112454,0.5408802576069927,0.3485026248608578,0.8431159793615959,0.43100645390912584,0.6257391851649091,0.1850230135586829,0.5402115059671972,0.2158108021264069,0.6725788848161567,0.35655958818486666,0.41720756032582784,0.8043224230503553,0.9593664248852019,0.6415998171401829,0.5109989994074519,0.5709848541874862,0.926498955551522,0.3823868912669256,0.6597703112033987,0.5406064181026632,0.9949523107303985,0.2266527727729104,0.010663543163650924,0.8262647384376004,0.11007768418275798,0.547233624358942,0.19730193864889556,0.13599241596201928,0.4207406245310844,0.34850415621730335,0.4663882230468458,0.7550187600473193,0.9443557832021424,0.05606569603440925,0.11531820904033119,0.22331046661677256
9031,0.055802340052103605,0.9441534684155017,0.06408096800408436,0.17319171531797584,0.47238092614592475,0.8931396882568304,0.09331264080950596,0.3137361333427334,0.8513505309754881,0.34370028523477525,0.24277223318675856,0.3675945026049656,0.9859936701785128,0.2074147959225623,0.6855085276203781,0.06660508295935019,0.0014005353358103045,0.47727028791140513,0.5004519739843551,0.19692118664291425,0.028371728411232144,0.6841642136888667,0.3553557428144105,0.9158847171478002,0.6047932461575712,0.25528894177879025,0.4587510356667489,0.22386379107894328,0.8445965655137669,0.687197848614762,0.7918129192267505,0.2666402232151287,0.5827286229984139,0.4517869399482407,0.3389151544444602,0.20253381227327083,0.7503410055908313,0.6180705374027475,0.418781476207285,0.6171857095653273,0.8696356396847971,0.4710860729854147,0.39957059085251245,0.2608148308826953,0.2576901383239182,0.09407142687936165,0.5517505670457987,0.19486703311088716,0.1876866582670662,0.09723169680483068
9033,0.7266437822895567,0.35258556919352335,0.7118568612461418,0.10875288951563133,0.13986552953770237,0.5664403335720677,0.46973710913778655,0.7853914041023051,0.7225992023561845,0.0990764846997636,0.40275502189446777,0.960844384950031,0.03480606805093123,0.7834789850553779,0.2074943142673611,0.12727660481587344,0.0470414125079367,0.39568295599267855,0.2975697523000249,0.18400054819854517,0.9181665744109325,0.8007906708085015,0.274900591387497,0.8997620413405282,0.4820353520460454,0.09084538210171622,0.06963463943179604,0.48071609372133317,0.8512995527858765,0.37297862108406676,0.3181631861350033,0.8174174751746414,0.7048306629568772,0.8182920168413823,0.42978767999957035,0.9969670359097044,0.13974866557573773,0.3754503174866043,0.6727827851413186,0.7977828359716027,0.43603168520389846,0.35138356484553923,0.8039675462776116,0.672417895787048,0.3137125619705965,0.2801918127797789,0.4654111614445462,0.5718192968626994,0.9349500928441309,0.27629406157003267
9036,0.8938961581355,0.058276348600954875,0.6657627965915157,0.7286279823423034,0.030247230806184966,0.028714494497904863,0.45670465606268795,0.2590481426209106,0.6557227693522846,0.8555269244336368,0.09377234542574442,0.014188360319685622,0.2655676098299071,0.8996923927268845,0.3914942465788228,0.18006598993079803,0.8337120775633472,0.6084034575231375,0.3418966983761428,0.539012002862117,0.8807050784616619,0.24053836761316405,0.8805885212661143,0.24814955075256695,0.5310360380286951,0.22463036586139007,0.3191925038256501,0.9407282738974354,0.6143254712081578,0.3743391208360879,0.46365461248725104,0.8262605356217427,0.24410576022788322,0.3418940965618398,0.04182646301431858,0.10655040120281978,0.47968642458330324,0.1594380940191794,0.7722742793359424,0.20236087113685453,0.7287371369816908,0.8292590279808033,0.39881024940595966,0.9373621821847228,0.5590560236417571,0.7256643595728065,0.5176878815996501,0.17431443974287442,0.992997979515165,0.029201106955884848
9038,0.3415536510983861,0.3280719955168685,0.15369380361090668,0.7676243493127355,0.09427057417078799,0.028637295456898637,0.1898699576722258,0.694118044032522,0.3089585082791111,0.3131969702032943,0.557708270308762,0.5961070798286773,0.07605875802425333,0.7470185055238862,0.7051570500798225,0.3478059460432047,0.10561940793137037,0.7281088727166006,0.8061965760316565,0.4000925059273194,0.5238185461382268,0.012472643752225565,0.24438255480222448,0.31173936355957066,0.16571202456303058,0.3398453331419562,0.045224301540567335,0.35637297930646095,0.7008723800151102,0.23328135515170434,0.16991366724883838,0.6019097128611892,0.6554349173281347,0.2763885546350008,0.7044509968147616,0.9735806362468149,0.3639916928430508,0.8037179132810882,0.26016025286955136,0.6670431315528667,0.6718280941448396,0.34541478050859986,0.7883992470420951,0.37959424496265814,0.77283439004217,0.6799194922296623,0.43814904719552317,0.5963299250893117,0.2601585842738755,0.7562339338308361
9042,0.8954154860300507,0.48905646695945015,0.5193693978485107,0.9770666716832831,0.39735220311919117,0.06933786305224565,0.6148807750857829,0.43414630992843906,0.5430965495038944,0.7004478010964044,0.39804432183542493,0.14527692448514573,0.5257877713174826,0.8882755535432212,0.23110201916606188,0.46720584779307495,0.5448602438445233,0.6580616419285567,0.5660021527079202,0.43169578567069633,0.6859401200342895,0.3394587857043313,0.2198160968197126,0.49447729995967227,0.35327781170248673,0.3453811097432504,0.775841123623529,0.9481631781223763,0.25024457222933094,0.8802130859203252,0.18964662057441906,0.3709814626605128,0.7524159345402157,0.47560157561108574,0.5275671024809258,0.15334933269267448,0.30034407302943,0.2871420911687218,0.39898456527371473,0.595103570223092,0.7122746313111756,0.30762581179134607,0.9790266844043715,0.1553264380927154,0.47527363042501336,0.07273313095068845,0.108076621441622,0.114796774749784,0.9384326825345481,0.9182507354343038
9043,0.038728417813747695,0.3967179652316749,0.8087467080502866,0.46751618645798776,0.03967666610222309,0.33726435402267696,0.9523108958700212,0.06770867545280401,0.615925288841214,0.10954710654289546,0.8669876170171478,0.9539005928796933,0.9419725095905338,0.761817598691673,0.9684322138470944,0.8258142679569949,0.8374348835826196,0.37449483745624,0.2246823151758458,0.2931067385133651,0.17138260336788846,0.30560304579239084,0.6458808679198188,0.8235629717144406,0.6616920252751729,0.9372669529674732,0.7980035354908065,0.4002489824645291,0.10103488816451522,0.7835966632329682,0.02321865146689639,0.8817511313361629,0.4009020226954715,0.5588050284904087,0.5513018332452407,0.09476373731704013,0.13547334429339508,0.30053120721838045,0.012897412272250719,0.0909630509917585,0.3020870969788424,0.7466909533005897,0.9462371118875575,0.1299397687556505,0.47247905029446013,0.0066599175272994415,0.5377145428824521,0.3596438064663684,0.2005528738538962,0.3860373748405025
9051,0.27395827735679,0.7817132780496961,0.3427458336210445,0.7235788430321075,0.2608094348952842,0.17603818781100777,0.7133052562623016,0.306664614566061,0.2035230354400317,0.4935162736122666,0.6003563955717625,0.8872794867860506,0.49939131277952886,0.9577652858157563,0.9120054891761544,0.3926195143521626,0.6311717370693674,0.4748078180618409,0.270276995664543,0.8497616090995592,0.6841994319758592,0.6819715392100223,0.2047036626627129,0.46521429854365437,0.7453681865713259,0.6770468025904149,0.3141854887624035,0.8503781967546444,0.5234928201452891,0.17837848092013053,0.5359239771433398,0.5023573729556339,0.7408770014304618,0.257618956116762,0.8849876050559107,0.4019614424745994,0.2891811617317356,0.6026690010671599,0.3703521766846847,0.3785314644890112,0.210713424190207,0.972221515359123,0.15723430812186556,0.18344260299983528,0.6105079424464883,0.8870931000291352,0.5222889175883735,0.34294556051242475,0.594575422423814,0.5219142876690087
9053,0.1824875706540089,0.40658670555288134,0.19562445077591162,0.3510574348640667,0.3731922625581512,0.3782032288850742,0.5454797260678611,0.3331473275266895,0.9944703852986047,0.7615935495965312,0.7474212458051891,0.12250797755453102,0.8804125269590249,0.5967087238290639,0.4674782153675606,0.860540833237676,0.6518404670145959,0.321240462531854,0.12039880983364015,0.3342444825470904,0.28110544359071177,0.3247770561917994,0.7514777586017586,0.6303896571256599,0.9262712534948551,0.5280461503921662,0.1153630304031309,0.3093212276243106,0.19449217273365482,0.285014094278338,0.9614058305317432,0.6556241903742968,0.1404367675480903,0.03357488773841644,0.24143441612152328,0.002065447109109275,0.4501567119701193,0.5188952798191919,0.3596417190223866,0.5792805387709222,0.4703458629177416,0.33767249805924526,0.2952521196353105,0.2815840333777264,0.5207574065431686,0.5931171209737885,0.9666371681435596,0.18885341225267815,0.009230326145055034,0.03379599158592339
9071,0.48555025343310887,0.3473846797283512,0.4277199478692145,0.3091748179096183,0.9245167185777297,0.15012114262171083,0.8311375678127982,0.5588645189018268,0.3623574389345533,0.454295653863941,0.07993731544907168,0.7279168819936274,0.6109262806939193,0.6415445279768857,0.3579702197791793,0.3116663894924149,0.25880919468744623,0.24317385508886102,0.20851754558857416,0.48968444237326625,0.044756028630388855,0.49383939949166744,0.3433470569289617,0.5372956064664667,0.4580572009882996,0.6244790492927519,0.9388033231255126,0.5980374241448277,0.9268195246741288,0.9579951067135931,0.8988454790871301,0.26290585616998186,0.051610613766501556,0.8062237079751126,0.06137278871827334,0.23382361109097138,0.12679746433082917,0.6014028980182001,0.585911931506118,0.14972412508522348,0.8065006685616812,0.2039323859975648,0.8739467458970076,0.41213265440790037,0.700818869988378,0.1467915432493494,0.6367951760365295,0.8920670384479041,0.36974947049453977,0.7111088489413111
9533,0.716855362113246,0.21758394135485715,0.1658991114386551,0.33764007159008014,0.32428461012558274,0.8703104672299382,0.8617770520474894,0.704533376950407,0.7222013182256778,0.7783463734039789,0.6774669468110573,0.2527938602863017,0.9829129459907031,0.5723602900910173,0.6840243077314024,0.054552636793082865,0.7590461020133284,0.28642797510880014,0.2839598990098158,0.7731633703664996,0.1249200141945519,0.9444734480373405,0.24940211999667516,0.691198854188582,0.41569705554178826,0.7490988818583416,0.3620215321427809,0.8454528002641183,0.21137968040026966,0.902387751863735,0.3354205328728985,0.8688781418341828,0.08503311120412627,0.9149795906154302,0.435353540934,0.663676829042747,0.5215716920252715,0.9719364792615416,0.3396273102750166,0.49221683869083654,0.17254955140319972,0.8653065777331295,0.4613226064378634,0.7011965293726192,0.6730568522921226,0.44262141837441293,0.07521869211679222,0.2892594472690514,0.0343616548502389,0.31860500278905035
